<?xml version="1.0" encoding="UTF-8"?>

<ServiceRequest xmlns="http://hl7.org/fhir">
  <id value="CIEServiceRequest"/>
  <text>
    <status value="generated"/><div xmlns="http://www.w3.org/1999/xhtml"><p class="res-header-id"><b>Generated Narrative: ServiceRequest CIEServiceRequest</b></p><a name="CIEServiceRequest"> </a><a name="hcCIEServiceRequest"> </a><p><b>status</b>: Active</p><p><b>intent</b>: Order</p><p><b>code</b>: <span title="Codes:{https://directory.mi-cie.org/or_service_id 211021}">CASE/CARE MANAGEMENT</span></p><p><b>subject</b>: <a href="Patient/example">Morgan Gallaty</a></p><p><b>performer</b>: United Way of Bay County</p><p><b>note</b>: By Kristina Gary @2025-05-21 14:01:19+0000</p><blockquote><div><p>{{PUT IN NOTE HERE}}</p>
</div></blockquote></div>
  </text>
  <status value="active"/>
  <intent value="order"/>
  <code>
    <coding>
      <system value="https://directory.mi-cie.org/or_service_id"/>
      <code value="211021"/>
      <display value="CASE/CARE MANAGEMENT"/>
    </coding>
  </code>
  <subject>
    <reference value="Patient/example"/>
    <display value="Morgan Gallaty"/>
  </subject>
  <performer>
    <extension url="https://directory.mi-cie.org/or_org_id">
      <valueString value="38562"/>
    </extension>
    <display value="United Way of Bay County"/>
  </performer>
  <note>
    <authorString value="Kristina Gary"/>
    <time value="2025-05-21T14:01:19.816Z"/>
    <text value="{{PUT IN NOTE HERE}}"/>
  </note>
</ServiceRequest>