{
  "resourceType" : "Bundle",
  "id" : "CIEBundleServiceRequest",
  "type" : "transaction",
  "entry" : [{
    "fullUrl" : "urn:uuid:patient-1",
    "resource" : {
      "resourceType" : "Patient",
      "text" : {
        "status" : "generated",
        "div" : "<div xmlns=\"http://www.w3.org/1999/xhtml\"><a name=\"Patient_null\"> </a><p class=\"res-header-id\"><b>Generated Narrative: Patient </b></p><p style=\"border: 1px #661aff solid; background-color: #e6e6ff; padding: 10px;\">Test Test  (no stated gender), DoB: 2020-12-12 ( PersonId:\u00a022990393)</p><hr/><table class=\"grid\"><tr><td style=\"background-color: #f3f5da\" title=\"Record is active\">Active:</td><td colspan=\"3\">true</td></tr><tr><td style=\"background-color: #f3f5da\" title=\"Ways to contact the Patient\">Contact Detail</td><td colspan=\"3\">1314 Test Edge, BAY, MI, 49120</td></tr><tr><td style=\"background-color: #f3f5da\" title=\"Language spoken\">Language:</td><td colspan=\"3\"><span title=\"Codes:{urn:ietf:bcp:47 en-US}\">English</span></td></tr><tr><td style=\"background-color: #f3f5da\" title=\"Nominated Contact: Mother\">Mother:</td><td colspan=\"3\"><ul><li>ph: (111)-111-1111(Mobile)</li></ul></td></tr></table></div>"
      },
      "identifier" : [{
        "type" : {
          "text" : "PersonId"
        },
        "system" : "https://helpmegrow.org",
        "value" : "22990393"
      }],
      "active" : true,
      "name" : [{
        "family" : "Test",
        "given" : ["Test"]
      }],
      "birthDate" : "2020-12-12",
      "address" : [{
        "text" : "1314 Test Edge, BAY, MI, 49120",
        "line" : ["1314 Test Edge"],
        "city" : "Bay",
        "district" : "BAY",
        "state" : "MI",
        "postalCode" : "49120"
      }],
      "contact" : [{
        "relationship" : [{
          "coding" : [{
            "system" : "http://terminology.hl7.org/CodeSystem/v2-0131",
            "code" : "NMTH",
            "display" : "Mother"
          }]
        }],
        "telecom" : [{
          "system" : "phone",
          "value" : "(111)-111-1111",
          "use" : "mobile",
          "rank" : 1
        }]
      }],
      "communication" : [{
        "language" : {
          "coding" : [{
            "system" : "urn:ietf:bcp:47",
            "code" : "en-US",
            "display" : "English"
          }]
        }
      }]
    },
    "request" : {
      "method" : "POST",
      "url" : "Patient"
    }
  },
  {
    "fullUrl" : "urn:uuid:sr-1",
    "resource" : {
      "resourceType" : "ServiceRequest",
      "text" : {
        "status" : "generated",
        "div" : "<div xmlns=\"http://www.w3.org/1999/xhtml\"><a name=\"ServiceRequest_null\"> </a><p class=\"res-header-id\"><b>Generated Narrative: ServiceRequest </b></p><p><b>status</b>: Active</p><p><b>intent</b>: Original Order</p><p><b>code</b>: <span title=\"Codes:{https://directory.mi-cie.org/or_service_id 211021}\">CASE/CARE MANAGEMENT</span></p><p><b>subject</b>: <a href=\"Bundle-CIEBundleServiceRequest.html#urn-uuid-patient-1\">Test Subject</a></p><p><b>authoredOn</b>: 2025-05-20 18:34:38-0400</p><p><b>requester</b>: <code></code></p><p><b>performer</b>: United Way of Bay County</p><p><b>note</b>: By Test Author @2025-05-21 14:01:19+0000</p><blockquote><div><p>{{PUT IN NOTE HERE}}</p>\n</div></blockquote></div>"
      },
      "status" : "active",
      "intent" : "original-order",
      "code" : {
        "coding" : [{
          "system" : "https://directory.mi-cie.org/or_service_id",
          "code" : "211021",
          "display" : "CASE/CARE MANAGEMENT"
        }]
      },
      "subject" : {
        "reference" : "urn:uuid:patient-1",
        "display" : "Test Subject"
      },
      "authoredOn" : "2025-05-20T18:34:38-04:00",
      "requester" : {
        "reference" : "",
        "type" : "",
        "display" : ""
      },
      "performer" : [{
        "extension" : [{
          "url" : "https://directory.mi-cie.org/or_org_id",
          "valueString" : "38562"
        }],
        "display" : "United Way of Bay County"
      }],
      "note" : [{
        "authorString" : "Test Author",
        "time" : "2025-05-21T14:01:19.816Z",
        "text" : "{{PUT IN NOTE HERE}}"
      }]
    },
    "request" : {
      "method" : "POST",
      "url" : "ServiceRequest"
    }
  }]
}