{
  "package": "cie.fhir.us",
  "version": "0.1.0",
  "fhirVersion": "4.0.1",
  "extensions": [],
  "profiles": {},
  "usage": {
    "http://hl7.org/fhir/tools/StructureDefinition/ig-internal-dependency": [
      "ImplementationGuide.definition"
    ],
    "http://hl7.org/fhir/tools/StructureDefinition/ig-page-name": [
      "ImplementationGuide.definition.page",
      "ImplementationGuide.definition.page.page"
    ],
    "http://hl7.org/fhir/tools/StructureDefinition/ig-parameter": [
      "ImplementationGuide.definition"
    ],
    "http://hl7.org/fhir/tools/StructureDefinition/implementationguide-dependency-comment": [
      "ImplementationGuide.dependsOn"
    ],
    "http://hl7.org/fhir/tools/StructureDefinition/resource-information": [
      "ImplementationGuide.definition.resource"
    ],
    "https://directory.mi-cie.org/or_org_id": [
      "Bundle.entry.resource.performer"
    ],
    "https://mi-cie.org/fhir/StructureDefinition/modified-by-user": [
      "Bundle.entry.resource"
    ],
    "https://mi-cie.org/fhir/StructureDefinition/task-LegacyUpdatedDate": [
      "Bundle.entry.resource"
    ],
    "https://mi-cie.org/fhir/StructureDefinition/task-closeReason": [
      "Bundle.entry.resource"
    ],
    "https://mi-cie.org/fhir/StructureDefinition/task-requestType": [
      "Bundle.entry.resource"
    ],
    "uri::mi-cie.org/requestedperformertask": [
      "Bundle.entry.resource"
    ]
  }
}