{
  "resourceType" : "Patient",
  "id" : "CIEPatient",
  "text" : {
    "status" : "generated",
    "div" : "<div xmlns=\"http://www.w3.org/1999/xhtml\"><p class=\"res-header-id\"><b>Generated Narrative: Patient CIEPatient</b></p><a name=\"CIEPatient\"> </a><a name=\"hcCIEPatient\"> </a><p style=\"border: 1px #661aff solid; background-color: #e6e6ff; padding: 10px;\">Test Test (official) (no stated gender), DoB: 2020-12-12 ( PersonId:\u00a022990393\u00a0(use:\u00a0official,\u00a0))</p><hr/><table class=\"grid\"><tr><td style=\"background-color: #f3f5da\" title=\"Record is active\">Active:</td><td colspan=\"3\">true</td></tr><tr><td style=\"background-color: #f3f5da\" title=\"Ways to contact the Patient\">Contact Detail</td><td colspan=\"3\">1314 Test Edge ,BAY,MI,49120(home)</td></tr><tr><td style=\"background-color: #f3f5da\" title=\"Language spoken\">Language:</td><td colspan=\"3\"><span title=\"Codes:\">English</span></td></tr><tr><td style=\"background-color: #f3f5da\" title=\"Nominated Contact: Mother\">Mother:</td><td colspan=\"3\"><ul><li>TestMom TestParent (Official)</li><li>ph: (111)-111-1111(Mobile)</li></ul></td></tr></table></div>"
  },
  "identifier" : [{
    "use" : "official",
    "type" : {
      "text" : "PersonId"
    },
    "system" : "https://helpmegrow.org",
    "value" : "22990393"
  }],
  "active" : true,
  "name" : [{
    "use" : "official",
    "family" : "Test",
    "given" : ["Test"]
  }],
  "birthDate" : "2020-12-12",
  "address" : [{
    "use" : "home",
    "type" : "physical",
    "text" : "1314 Test Edge ,BAY,MI,49120",
    "line" : ["1314 Test Edge "],
    "city" : "Bay",
    "district" : "BAY",
    "state" : "MI",
    "postalCode" : "49120"
  }],
  "contact" : [{
    "relationship" : [{
      "coding" : [{
        "system" : "https://loinc.org",
        "code" : "NMTH",
        "display" : "Mother"
      }]
    }],
    "name" : {
      "use" : "official",
      "family" : "TestParent",
      "given" : ["TestMom"]
    },
    "telecom" : [{
      "system" : "phone",
      "value" : "(111)-111-1111",
      "use" : "mobile",
      "rank" : 1
    }]
  }],
  "communication" : [{
    "language" : {
      "coding" : [{
        "code" : "en-US",
        "display" : "English"
      }]
    }
  }]
}